{
  "frame_start": 1,
  "frame_end": 30,
  "left_dir": "videos/estereo_23/video_esquerda/",
  "right_dir": "videos/estereo_23/video_direita/",

"pts_left": [
        [
            580.4754638671875,
            931.6272583007812
        ],
        [
            162.0,
            190.8000030517578
        ],
        [
            154.07681274414062,
            730.9691162109375
        ],
        [
            528.0,
            484.0
        ],
        [
            803.7275390625,
            679.3115234375
        ],
        [
            278.69189453125,
            990.3516235351562
        ],
        [
            575.0,
            214.0
        ],
        [
            153.79200744628906,
            456.1920471191406
        ],
        [
            447.8977355957031,
            720.2195434570312
        ],
        [
            289.6405334472656,
            564.3511352539062
        ],
        [
            612.72412109375,
            684.3877563476562
        ],
        [
            298.5984802246094,
            758.4401245117188
        ]
    ],
    "pts_right": [
        [
            591.2250366210938,
            935.21044921875
        ],
        [
            172.8000030517578,
            208.8000030517578
        ],
        [
            164.8263702392578,
            738.1354370117188
        ],
        [
            538.0,
            490.0
        ],
        [
            811.1925048828125,
            681.7998657226562
        ],
        [
            291.1335144042969,
            992.8399047851562
        ],
        [
            581.0,
            274.0
        ],
        [
            164.16001892089844,
            464.83203125
        ],
        [
            458.64727783203125,
            727.3859252929688
        ],
        [
            301.58447265625,
            573.30908203125
        ],
        [
            623.4736328125,
            687.970947265625
        ],
        [
            310.54241943359375,
            764.412109375
        ]
    ]
}
