{
  "frame_start": 1300,
  "frame_end": 1330,
  "left_dir": "videos/estereo_21/video_esquerda/",
  "right_dir": "videos/estereo_21/video_direita/",

"pts_left": [
        [
            465.1200256347656,
            509.760009765625
        ],
        [
            779.6737060546875,
            85.01760864257812
        ],
        [
            340.8999328613281,
            79.62625885009766
        ],
        [
            101.0,
            419.0
        ],
        [
            812.1600341796875,
            430.5600280761719
        ],
        [
            609.140869140625,
            268.7386474609375
        ],
        [
            338.4115905761719,
            313.52838134765625
        ],
        [
            692.4000244140625,
            612.0
        ],
        [
            292.0320129394531,
            532.2240600585938
        ],
        [
            155.52000427246094,
            262.08001708984375
        ],
        [
            485.2225036621094,
            136.85763549804688
        ],
        [
            623.4736328125,
            472.9800109863281
        ]
    ],
    "pts_right": [
        [
            470.8800048828125,
            514.0800170898438
        ],
        [
            783.8209228515625,
            87.0912094116211
        ],
        [
            350.85321044921875,
            89.57954406738281
        ],
        [
            108.0,
            429.0
        ],
        [
            813.6000366210938,
            430.5600280761719
        ],
        [
            615.1128540039062,
            271.724609375
        ],
        [
            345.8765563964844,
            320.99334716796875
        ],
        [
            693.0,
            614.0
        ],
        [
            298.94403076171875,
            539.1360473632812
        ],
        [
            164.16001892089844,
            271.2960205078125
        ],
        [
            492.6874694824219,
            144.32260131835938
        ],
        [
            627.0568237304688,
            476.5632019042969
        ]
    ]
}
