{
  "frame_start": 250,
  "frame_end": 280,
  "left_dir": "videos/estereo_19/video_esquerda/",
  "right_dir": "videos/estereo_19/video_direita/",

"pts_left": [
        [
            170.20114135742188,
            397.135986328125
        ],
        [
            842.0477294921875,
            116.45340728759766
        ],
        [
            688.3200073242188,
            560.1600341796875
        ],
        [
            351.3600158691406,
            72.0
        ],
        [
            520.1280517578125,
            307.5840148925781
        ],
        [
            390.66632080078125,
            552.4071655273438
        ],
        [
            87.0,
            124.0
        ],
        [
            583.2000122070312,
            67.68000030517578
        ],
        [
            734.55224609375,
            292.62652587890625
        ],
        [
            328.8000183105469,
            315.6000061035156
        ],
        [
            92.5655288696289,
            271.724609375
        ],
        [
            541.2096557617188,
            568.16650390625
        ]
    ],
    "pts_right": [
        [
            176.173095703125,
            406.09393310546875
        ],
        [
            842.0477294921875,
            119.43939208984375
        ],
        [
            689.760009765625,
            563.0400390625
        ],
        [
            358.5600280761719,
            82.08000183105469
        ],
        [
            521.280029296875,
            313.9200134277344
        ],
        [
            393.1546630859375,
            557.3837890625
        ],
        [
            94.0,
            138.0
        ],
        [
            588.9600219726562,
            73.44000244140625
        ],
        [
            737.5382690429688,
            295.61248779296875
        ],
        [
            335.52001953125,
            322.55999755859375
        ],
        [
            98.5374984741211,
            283.6685485839844
        ],
        [
            543.2832641601562,
            572.3136596679688
        ]
    ]
}
