{
  "frame_start": 470,
  "frame_end": 520,
  "left_dir": "videos/estereo_18/video_esquerda/",
  "right_dir": "videos/estereo_18/video_direita/",

"pts_left": [
        [
            512.1792602539062,
            982.8865356445312
        ],
        [
            92.0,
            39.0
        ],
        [
            761.0,
            123.0
        ],
        [
            154.07681274414062,
            594.8081665039062
        ],
        [
            900.2880859375,
            573.696044921875
        ],
        [
            469.20001220703125,
            376.8000183105469
        ],
        [
            620.4000244140625,
            657.6000366210938
        ],
        [
            462.0000305175781,
            106.80000305175781
        ],
        [
            714.0,
            872.0
        ],
        [
            358.31817626953125,
            547.4305419921875
        ],
        [
            275.7888488769531,
            184.55043029785156
        ],
        [
            644.9727172851562,
            307.5564270019531
        ]
    ],
    "pts_right": [
        [
            510.1056823730469,
            984.9601440429688
        ],
        [
            98.0,
            55.0
        ],
        [
            764.4000244140625,
            124.80000305175781
        ],
        [
            157.66000366210938,
            601.9745483398438
        ],
        [
            898.56005859375,
            573.696044921875
        ],
        [
            474.0000305175781,
            382.8000183105469
        ],
        [
            621.6000366210938,
            660.0
        ],
        [
            469.0,
            115.0
        ],
        [
            710.0,
            874.0
        ],
        [
            360.8064880371094,
            552.4071655273438
        ],
        [
            282.0096435546875,
            194.91842651367188
        ],
        [
            647.9586791992188,
            310.54241943359375
        ]
    ]
}
