{
  "frame_start": 1,
  "frame_end": 30,
  "left_dir": "videos/estereo_24/video_esquerda/",
  "right_dir": "videos/estereo_24/video_direita/",

"pts_left": [
        [
            621.0,
            39.0
        ],
        [
            124.41603088378906,
            564.8487548828125
        ],
        [
            838.4645385742188,
            519.5613403320312
        ],
        [
            124.80000305175781,
            156.0
        ],
        [
            433.20001220703125,
            394.8000183105469
        ],
        [
            895.1040649414062,
            209.0880126953125
        ],
        [
            379.8172912597656,
            132.57772827148438
        ],
        [
            207.82455444335938,
            361.9013671875
        ],
        [
            713.0531616210938,
            318.9031982421875
        ],
        [
            460.3392639160156,
            584.7553100585938
        ],
        [
            296.1101379394531,
            532.5006103515625
        ],
        [
            35.0,
            292.0
        ]
    ],
    "pts_right": [
        [
            628.0,
            45.0
        ],
        [
            126.90435028076172,
            574.8020629882812
        ],
        [
            838.4645385742188,
            523.14453125
        ],
        [
            129.60000610351562,
            171.60000610351562
        ],
        [
            438.0,
            403.0
        ],
        [
            893.3760986328125,
            212.5440216064453
        ],
        [
            386.983642578125,
            143.3272705078125
        ],
        [
            211.40773010253906,
            372.6509094238281
        ],
        [
            716.6363525390625,
            322.4863586425781
        ],
        [
            458.2656555175781,
            590.97607421875
        ],
        [
            301.0867919921875,
            539.965576171875
        ],
        [
            41.0,
            306.0
        ]
    ]
}
