{
  "frame_start": 1,
  "frame_end": 30,
  "left_dir": "videos/estereo_22/video_esquerda/",
  "right_dir": "videos/estereo_22/video_direita/",

"pts_left": [
        [
            490.8959045410156,
            619.8904418945312
        ],
        [
            74.8800048828125,
            120.96000671386719
        ],
        [
            743.0401000976562,
            62.2080078125
        ],
        [
            150.49363708496094,
            920.8777465820312
        ],
        [
            831.5137329101562,
            717.4656982421875
        ],
        [
            437.148193359375,
            222.1572723388672
        ],
        [
            713.0531616210938,
            372.6509094238281
        ],
        [
            137.3553009033203,
            400.1219482421875
        ],
        [
            349.3602294921875,
            800.243896484375
        ],
        [
            393.98406982421875,
            431.3088684082031
        ],
        [
            525.6000366210938,
            43.20000076293945
        ],
        [
            311.0400390625,
            609.6384887695312
        ]
    ],
    "pts_right": [
        [
            490.8959045410156,
            619.8904418945312
        ],
        [
            72.0,
            131.04000854492188
        ],
        [
            744.76806640625,
            62.2080078125
        ],
        [
            143.3272705078125,
            920.8777465820312
        ],
        [
            827.3665161132812,
            715.39208984375
        ],
        [
            437.148193359375,
            225.74046325683594
        ],
        [
            713.0531616210938,
            372.6509094238281
        ],
        [
            134.36932373046875,
            406.09393310546875
        ],
        [
            346.3742370605469,
            800.243896484375
        ],
        [
            393.98406982421875,
            433.3824462890625
        ],
        [
            529.2000122070312,
            45.60000228881836
        ],
        [
            308.9664306640625,
            611.7120971679688
        ]
    ]
}
