{
  "frame_start": 1,
  "frame_end": 30,
  "left_dir": "videos/estereo_20/video_esquerda/",
  "right_dir": "videos/estereo_20/video_direita/",

"pts_left": [
        [
            223.9488525390625,
            559.8721313476562
        ],
        [
            737.8560791015625,
            1002.2401123046875
        ],
        [
            588.9024658203125,
            64.28160858154297
        ],
        [
            791.8831787109375,
            480.1463623046875
        ],
        [
            143.42401123046875,
            69.12001037597656
        ],
        [
            374.9760437011719,
            278.2080383300781
        ],
        [
            509.760009765625,
            607.6800537109375
        ],
        [
            143.3272705078125,
            830.103759765625
        ],
        [
            486.72003173828125,
            1019.52001953125
        ],
        [
            182.14508056640625,
            265.7526550292969
        ],
        [
            334.08001708984375,
            89.2800064086914
        ],
        [
            314.49603271484375,
            755.1360473632812
        ]
    ],
    "pts_right": [
        [
            223.9488525390625,
            569.825439453125
        ],
        [
            718.8480834960938,
            1005.6961059570312
        ],
        [
            595.123291015625,
            72.57601165771484
        ],
        [
            770.3840942382812,
            483.72955322265625
        ],
        [
            150.3360137939453,
            86.40000915527344
        ],
        [
            376.70404052734375,
            290.30401611328125
        ],
        [
            495.3600158691406,
            614.8800048828125
        ],
        [
            140.34127807617188,
            839.0617065429688
        ],
        [
            469.4400329589844,
            1023.8400268554688
        ],
        [
            188.11703491210938,
            280.68255615234375
        ],
        [
            341.2799987792969,
            103.68000793457031
        ],
        [
            314.49603271484375,
            762.048095703125
        ]
    ]
}
